<?xml version="1.0" encoding="UTF-8"?><?xml-stylesheet type='text/xsl' href='_UpgradeReport_Files/UpgradeReport.xslt'?><UpgradeLog>
<Properties><Property Name="Solution" Value="ObfuscatedEmailLink">
</Property><Property Name="Solution File" Value="C:\Inetpub\wwwroot\ObfuscatedEmailLink\ObfuscatedEmailLink.sln">
</Property><Property Name="User Options File" Value="C:\Inetpub\wwwroot\ObfuscatedEmailLink\ObfuscatedEmailLink.suo">
</Property><Property Name="Date" Value="20 April 2009">
</Property><Property Name="Time" Value="13:30">
</Property></Properties><Event ErrorLevel="0" Project="" Source="ObfuscatedEmailLink.sln" Description="File successfully backed up as C:\Inetpub\wwwroot\ObfuscatedEmailLink\Backup\ObfuscatedEmailLink.sln">
</Event><Event ErrorLevel="0" Project="" Source="ObfuscatedEmailLink.suo" Description="File successfully backed up as C:\Inetpub\wwwroot\ObfuscatedEmailLink\Backup\ObfuscatedEmailLink.suo">
</Event><Event ErrorLevel="0" Project="ObfuscatedEmailLink" Source="ObfuscatedEmailLink.csproj" Description="Project file successfully backed up as C:\Inetpub\wwwroot\ObfuscatedEmailLink\Backup\ObfuscatedEmailLink.csproj">
</Event><Event ErrorLevel="0" Project="ObfuscatedEmailLink" Source="ObfuscatedEmailLink.csproj.user" Description="Project user file successfully backed up as C:\Inetpub\wwwroot\ObfuscatedEmailLink\Backup\ObfuscatedEmailLink.csproj.user">
</Event><Event ErrorLevel="0" Project="ObfuscatedEmailLink" Source="EmailLink.cs" Description="File successfully backed up as C:\Inetpub\wwwroot\ObfuscatedEmailLink\Backup\EmailLink.cs">
</Event><Event ErrorLevel="0" Project="ObfuscatedEmailLink" Source="Properties\AssemblyInfo.cs" Description="File successfully backed up as C:\Inetpub\wwwroot\ObfuscatedEmailLink\Backup\Properties\AssemblyInfo.cs">
</Event><Event ErrorLevel="0" Project="ObfuscatedEmailLink" Source="ObfuscatedEmailLink.csproj" Description="The project file does not require conversion.">
</Event><Event ErrorLevel="3" Project="ObfuscatedEmailLink" Source="ObfuscatedEmailLink.csproj" Description="No Conversion Required">
</Event><Event ErrorLevel="0" Project="" Source="ObfuscatedEmailLink.sln" Description="Solution converted successfully">
</Event><Event ErrorLevel="3" Project="" Source="ObfuscatedEmailLink.sln" Description="Converted">
</Event></UpgradeLog>