<publishData>
  <publishTarget publishUrl="c:\rkp\">
    <file relUrl="home.aspx" publishTime="07/01/2009 20:13:25" />
    <file relUrl="images/topmenu-hover.jpg" publishTime="24/11/2006 10:29:00" />
    <file relUrl="images/more-bg.gif" publishTime="24/11/2006 11:16:00" />
    <file relUrl="bin/rk_plaster.pdb" publishTime="15/01/2009 22:24:58" />
    <file relUrl="images/testimonials/large/ceilingAfter.jpg" publishTime="06/01/2009 11:35:00" />
    <file relUrl="Web.config" publishTime="06/01/2009 22:17:16" />
    <file relUrl="images/testimonials/thumbnails/ceilingBefore.PNG" publishTime="06/01/2009 11:27:00" />
    <file relUrl="style.css" publishTime="13/01/2009 22:15:35" />
    <file relUrl="images/testimonials/thumbnails/ceilingAfter.PNG" publishTime="06/01/2009 20:44:17" />
    <file relUrl="images/testimonials/large/chimneyBreastBefore.JPG" publishTime="06/01/2009 11:36:00" />
    <file relUrl="large_picture.html" publishTime="02/12/2008 16:49:00" />
    <file relUrl="images/topmenu-normal.jpg" publishTime="24/11/2006 10:29:00" />
    <file relUrl="bin/rk_plaster.dll" publishTime="15/01/2009 22:24:58" />
    <file relUrl="images/logo.png" publishTime="06/11/2008 23:25:00" />
    <file relUrl="images/image1.jpg" publishTime="24/11/2006 12:52:00" />
    <file relUrl="masterP.Master" publishTime="15/01/2009 22:24:44" />
    <file relUrl="images/bullet-hover.gif" publishTime="24/11/2006 14:08:00" />
    <file relUrl="images/mainbg.gif" publishTime="24/11/2006 10:00:00" />
    <file relUrl="images/testimonials/large/ceilingBefore.jpg" publishTime="06/01/2009 11:18:00" />
    <file relUrl="contact.aspx" publishTime="19/12/2008 10:25:00" />
    <file relUrl="images/icon1.jpg" publishTime="24/11/2006 11:50:00" />
    <file relUrl="images/testimonials/thumbnails/chimneyBreastBefore.PNG" publishTime="06/01/2009 11:28:00" />
    <file relUrl="images/testimonials/thumbnails/chimneyBreastAfter.PNG" publishTime="06/01/2009 20:45:17" />
    <file relUrl="testimonials.aspx" publishTime="06/01/2009 11:39:00" />
    <file relUrl="images/dotline.gif" publishTime="24/11/2006 13:03:00" />
    <file relUrl="images/bullet.gif" publishTime="24/11/2006 14:03:00" />
    <file relUrl="images/testimonials/large/chimneyBreastAfter.jpg" publishTime="06/01/2009 11:35:00" />
    <file relUrl="images/footerbg.gif" publishTime="24/11/2006 15:03:00" />
    <file relUrl="images/arrow2.gif" publishTime="24/11/2006 11:18:00" />
    <file relUrl="images/24hours.gif" publishTime="24/11/2006 12:27:00" />
    <file relUrl="services.aspx" publishTime="19/12/2008 10:25:00" />
    <file relUrl="images/arrow1.gif" publishTime="24/11/2006 11:17:00" />
  </publishTarget>
</publishData>