<?xml version="1.0" encoding="UTF-8"?><?xml-stylesheet type='text/xsl' href='_UpgradeReport_Files/UpgradeReport.xslt'?><UpgradeLog>
<Properties><Property Name="Solution" Value="Pledgers">
</Property><Property Name="Solution File" Value="C:\Inetpub\wwwroot\pledgers\Pledgers.sln">
</Property><Property Name="User Options File" Value="C:\Inetpub\wwwroot\pledgers\Pledgers.suo">
</Property><Property Name="Date" Value="20 April 2009">
</Property><Property Name="Time" Value="13:31">
</Property></Properties><Event ErrorLevel="0" Project="" Source="Pledgers.sln" Description="File successfully backed up as C:\Inetpub\wwwroot\pledgers\Backup\Pledgers.sln">
</Event><Event ErrorLevel="0" Project="" Source="Pledgers.suo" Description="File successfully backed up as C:\Inetpub\wwwroot\pledgers\Backup\Pledgers.suo">
</Event><Event ErrorLevel="0" Project="Pledgers" Source="Pledgers\Pledgers.csproj" Description="Project file successfully backed up as C:\Inetpub\wwwroot\pledgers\Backup\Pledgers\Pledgers.csproj">
</Event><Event ErrorLevel="0" Project="Pledgers" Source="Pledgers\Pledgers.csproj.user" Description="Project user file successfully backed up as C:\Inetpub\wwwroot\pledgers\Backup\Pledgers\Pledgers.csproj.user">
</Event><Event ErrorLevel="0" Project="Pledgers" Source="Pledgers\child_de.aspx.cs" Description="File successfully backed up as C:\Inetpub\wwwroot\pledgers\Backup\Pledgers\child_de.aspx.cs">
</Event><Event ErrorLevel="0" Project="Pledgers" Source="Pledgers\child_de.aspx.designer.cs" Description="File successfully backed up as C:\Inetpub\wwwroot\pledgers\Backup\Pledgers\child_de.aspx.designer.cs">
</Event><Event ErrorLevel="0" Project="Pledgers" Source="Pledgers\child_en.aspx.cs" Description="File successfully backed up as C:\Inetpub\wwwroot\pledgers\Backup\Pledgers\child_en.aspx.cs">
</Event><Event ErrorLevel="0" Project="Pledgers" Source="Pledgers\child_en.aspx.designer.cs" Description="File successfully backed up as C:\Inetpub\wwwroot\pledgers\Backup\Pledgers\child_en.aspx.designer.cs">
</Event><Event ErrorLevel="0" Project="Pledgers" Source="Pledgers\child_fr.aspx.cs" Description="File successfully backed up as C:\Inetpub\wwwroot\pledgers\Backup\Pledgers\child_fr.aspx.cs">
</Event><Event ErrorLevel="0" Project="Pledgers" Source="Pledgers\child_fr.aspx.designer.cs" Description="File successfully backed up as C:\Inetpub\wwwroot\pledgers\Backup\Pledgers\child_fr.aspx.designer.cs">
</Event><Event ErrorLevel="0" Project="Pledgers" Source="Pledgers\child_gr.aspx.cs" Description="File successfully backed up as C:\Inetpub\wwwroot\pledgers\Backup\Pledgers\child_gr.aspx.cs">
</Event><Event ErrorLevel="0" Project="Pledgers" Source="Pledgers\child_gr.aspx.designer.cs" Description="File successfully backed up as C:\Inetpub\wwwroot\pledgers\Backup\Pledgers\child_gr.aspx.designer.cs">
</Event><Event ErrorLevel="0" Project="Pledgers" Source="Pledgers\child_it.aspx.cs" Description="File successfully backed up as C:\Inetpub\wwwroot\pledgers\Backup\Pledgers\child_it.aspx.cs">
</Event><Event ErrorLevel="0" Project="Pledgers" Source="Pledgers\child_it.aspx.designer.cs" Description="File successfully backed up as C:\Inetpub\wwwroot\pledgers\Backup\Pledgers\child_it.aspx.designer.cs">
</Event><Event ErrorLevel="0" Project="Pledgers" Source="Pledgers\child_sp.aspx.cs" Description="File successfully backed up as C:\Inetpub\wwwroot\pledgers\Backup\Pledgers\child_sp.aspx.cs">
</Event><Event ErrorLevel="0" Project="Pledgers" Source="Pledgers\child_sp.aspx.designer.cs" Description="File successfully backed up as C:\Inetpub\wwwroot\pledgers\Backup\Pledgers\child_sp.aspx.designer.cs">
</Event><Event ErrorLevel="0" Project="Pledgers" Source="Pledgers\pledgersM.Master.cs" Description="File successfully backed up as C:\Inetpub\wwwroot\pledgers\Backup\Pledgers\pledgersM.Master.cs">
</Event><Event ErrorLevel="0" Project="Pledgers" Source="Pledgers\pledgersM.Master.designer.cs" Description="File successfully backed up as C:\Inetpub\wwwroot\pledgers\Backup\Pledgers\pledgersM.Master.designer.cs">
</Event><Event ErrorLevel="0" Project="Pledgers" Source="Pledgers\Properties\AssemblyInfo.cs" Description="File successfully backed up as C:\Inetpub\wwwroot\pledgers\Backup\Pledgers\Properties\AssemblyInfo.cs">
</Event><Event ErrorLevel="0" Project="Pledgers" Source="Pledgers\Properties\Settings.Designer.cs" Description="File successfully backed up as C:\Inetpub\wwwroot\pledgers\Backup\Pledgers\Properties\Settings.Designer.cs">
</Event><Event ErrorLevel="0" Project="Pledgers" Source="Pledgers\Properties\Settings.settings" Description="File successfully backed up as C:\Inetpub\wwwroot\pledgers\Backup\Pledgers\Properties\Settings.settings">
</Event><Event ErrorLevel="0" Project="Pledgers" Source="Pledgers\images\bedroom.jpg" Description="File successfully backed up as C:\Inetpub\wwwroot\pledgers\Backup\Pledgers\images\bedroom.jpg">
</Event><Event ErrorLevel="0" Project="Pledgers" Source="Pledgers\images\flags\deutsche.gif" Description="File successfully backed up as C:\Inetpub\wwwroot\pledgers\Backup\Pledgers\images\flags\deutsche.gif">
</Event><Event ErrorLevel="0" Project="Pledgers" Source="Pledgers\images\driveway.jpg" Description="File successfully backed up as C:\Inetpub\wwwroot\pledgers\Backup\Pledgers\images\driveway.jpg">
</Event><Event ErrorLevel="0" Project="Pledgers" Source="Pledgers\images\flags\french.gif" Description="File successfully backed up as C:\Inetpub\wwwroot\pledgers\Backup\Pledgers\images\flags\french.gif">
</Event><Event ErrorLevel="0" Project="Pledgers" Source="Pledgers\images\grounds.jpg" Description="File successfully backed up as C:\Inetpub\wwwroot\pledgers\Backup\Pledgers\images\grounds.jpg">
</Event><Event ErrorLevel="0" Project="Pledgers" Source="Pledgers\images\houseFront.jpg" Description="File successfully backed up as C:\Inetpub\wwwroot\pledgers\Backup\Pledgers\images\houseFront.jpg">
</Event><Event ErrorLevel="0" Project="Pledgers" Source="Pledgers\images\mail1.gif" Description="File successfully backed up as C:\Inetpub\wwwroot\pledgers\Backup\Pledgers\images\mail1.gif">
</Event><Event ErrorLevel="0" Project="Pledgers" Source="Pledgers\images\mail3.jpg" Description="File successfully backed up as C:\Inetpub\wwwroot\pledgers\Backup\Pledgers\images\mail3.jpg">
</Event><Event ErrorLevel="0" Project="Pledgers" Source="Pledgers\images\flags\spanish.gif" Description="File successfully backed up as C:\Inetpub\wwwroot\pledgers\Backup\Pledgers\images\flags\spanish.gif">
</Event><Event ErrorLevel="0" Project="Pledgers" Source="Pledgers\images\vitr-bb.gif" Description="File successfully backed up as C:\Inetpub\wwwroot\pledgers\Backup\Pledgers\images\vitr-bb.gif">
</Event><Event ErrorLevel="0" Project="Pledgers" Source="Pledgers\Web.config" Description="File successfully backed up as C:\Inetpub\wwwroot\pledgers\Backup\Pledgers\Web.config">
</Event><Event ErrorLevel="0" Project="Pledgers" Source="Pledgers\child_de.aspx" Description="File successfully backed up as C:\Inetpub\wwwroot\pledgers\Backup\Pledgers\child_de.aspx">
</Event><Event ErrorLevel="0" Project="Pledgers" Source="Pledgers\child_en.aspx" Description="File successfully backed up as C:\Inetpub\wwwroot\pledgers\Backup\Pledgers\child_en.aspx">
</Event><Event ErrorLevel="0" Project="Pledgers" Source="Pledgers\child_fr.aspx" Description="File successfully backed up as C:\Inetpub\wwwroot\pledgers\Backup\Pledgers\child_fr.aspx">
</Event><Event ErrorLevel="0" Project="Pledgers" Source="Pledgers\child_gr.aspx" Description="File successfully backed up as C:\Inetpub\wwwroot\pledgers\Backup\Pledgers\child_gr.aspx">
</Event><Event ErrorLevel="0" Project="Pledgers" Source="Pledgers\child_it.aspx" Description="File successfully backed up as C:\Inetpub\wwwroot\pledgers\Backup\Pledgers\child_it.aspx">
</Event><Event ErrorLevel="0" Project="Pledgers" Source="Pledgers\child_sp.aspx" Description="File successfully backed up as C:\Inetpub\wwwroot\pledgers\Backup\Pledgers\child_sp.aspx">
</Event><Event ErrorLevel="0" Project="Pledgers" Source="Pledgers\images\bergerac\Bergerac Jan 2009 027.jpg" Description="File successfully backed up as C:\Inetpub\wwwroot\pledgers\Backup\Pledgers\images\bergerac\Bergerac Jan 2009 027.jpg">
</Event><Event ErrorLevel="0" Project="Pledgers" Source="Pledgers\images\bergerac\Bergerac Jan 2009 039.jpg" Description="File successfully backed up as C:\Inetpub\wwwroot\pledgers\Backup\Pledgers\images\bergerac\Bergerac Jan 2009 039.jpg">
</Event><Event ErrorLevel="0" Project="Pledgers" Source="Pledgers\images\bergerac\Bergerac old bridge.JPG" Description="File successfully backed up as C:\Inetpub\wwwroot\pledgers\Backup\Pledgers\images\bergerac\Bergerac old bridge.JPG">
</Event><Event ErrorLevel="0" Project="Pledgers" Source="Pledgers\images\Berg_029.jpg" Description="File successfully backed up as C:\Inetpub\wwwroot\pledgers\Backup\Pledgers\images\Berg_029.jpg">
</Event><Event ErrorLevel="0" Project="Pledgers" Source="Pledgers\images\Berg_035.jpg" Description="File successfully backed up as C:\Inetpub\wwwroot\pledgers\Backup\Pledgers\images\Berg_035.jpg">
</Event><Event ErrorLevel="0" Project="Pledgers" Source="Pledgers\images\Berg_041.jpg" Description="File successfully backed up as C:\Inetpub\wwwroot\pledgers\Backup\Pledgers\images\Berg_041.jpg">
</Event><Event ErrorLevel="0" Project="Pledgers" Source="Pledgers\images\Berg_042.jpg" Description="File successfully backed up as C:\Inetpub\wwwroot\pledgers\Backup\Pledgers\images\Berg_042.jpg">
</Event><Event ErrorLevel="0" Project="Pledgers" Source="Pledgers\images\Berg_047.jpg" Description="File successfully backed up as C:\Inetpub\wwwroot\pledgers\Backup\Pledgers\images\Berg_047.jpg">
</Event><Event ErrorLevel="0" Project="Pledgers" Source="Pledgers\images\Berg_048.jpg" Description="File successfully backed up as C:\Inetpub\wwwroot\pledgers\Backup\Pledgers\images\Berg_048.jpg">
</Event><Event ErrorLevel="0" Project="Pledgers" Source="Pledgers\images\email.gif" Description="File successfully backed up as C:\Inetpub\wwwroot\pledgers\Backup\Pledgers\images\email.gif">
</Event><Event ErrorLevel="0" Project="Pledgers" Source="Pledgers\images\Fd-loc1.gif" Description="File successfully backed up as C:\Inetpub\wwwroot\pledgers\Backup\Pledgers\images\Fd-loc1.gif">
</Event><Event ErrorLevel="0" Project="Pledgers" Source="Pledgers\images\flags\greek.gif" Description="File successfully backed up as C:\Inetpub\wwwroot\pledgers\Backup\Pledgers\images\flags\greek.gif">
</Event><Event ErrorLevel="0" Project="Pledgers" Source="Pledgers\images\flags\italian.gif" Description="File successfully backed up as C:\Inetpub\wwwroot\pledgers\Backup\Pledgers\images\flags\italian.gif">
</Event><Event ErrorLevel="0" Project="Pledgers" Source="Pledgers\images\flags\uk.gif" Description="File successfully backed up as C:\Inetpub\wwwroot\pledgers\Backup\Pledgers\images\flags\uk.gif">
</Event><Event ErrorLevel="0" Project="Pledgers" Source="Pledgers\images\mail2.jpg" Description="File successfully backed up as C:\Inetpub\wwwroot\pledgers\Backup\Pledgers\images\mail2.jpg">
</Event><Event ErrorLevel="0" Project="Pledgers" Source="Pledgers\images\pledgeMap.JPG" Description="File successfully backed up as C:\Inetpub\wwwroot\pledgers\Backup\Pledgers\images\pledgeMap.JPG">
</Event><Event ErrorLevel="0" Project="Pledgers" Source="Pledgers\images\staircase.jpg" Description="File successfully backed up as C:\Inetpub\wwwroot\pledgers\Backup\Pledgers\images\staircase.jpg">
</Event><Event ErrorLevel="0" Project="Pledgers" Source="Pledgers\images\thumbs\Bergerac Jan 2009 027.jpg" Description="File successfully backed up as C:\Inetpub\wwwroot\pledgers\Backup\Pledgers\images\thumbs\Bergerac Jan 2009 027.jpg">
</Event><Event ErrorLevel="0" Project="Pledgers" Source="Pledgers\images\thumbs\Bergerac Jan 2009 039.jpg" Description="File successfully backed up as C:\Inetpub\wwwroot\pledgers\Backup\Pledgers\images\thumbs\Bergerac Jan 2009 039.jpg">
</Event><Event ErrorLevel="0" Project="Pledgers" Source="Pledgers\images\thumbs\Berg_042.jpg" Description="File successfully backed up as C:\Inetpub\wwwroot\pledgers\Backup\Pledgers\images\thumbs\Berg_042.jpg">
</Event><Event ErrorLevel="0" Project="Pledgers" Source="Pledgers\images\thumbs\Berg_029.jpg" Description="File successfully backed up as C:\Inetpub\wwwroot\pledgers\Backup\Pledgers\images\thumbs\Berg_029.jpg">
</Event><Event ErrorLevel="0" Project="Pledgers" Source="Pledgers\images\thumbs\Berg_035.jpg" Description="File successfully backed up as C:\Inetpub\wwwroot\pledgers\Backup\Pledgers\images\thumbs\Berg_035.jpg">
</Event><Event ErrorLevel="0" Project="Pledgers" Source="Pledgers\images\thumbs\Berg_041.jpg" Description="File successfully backed up as C:\Inetpub\wwwroot\pledgers\Backup\Pledgers\images\thumbs\Berg_041.jpg">
</Event><Event ErrorLevel="0" Project="Pledgers" Source="Pledgers\images\thumbs\Berg_047.jpg" Description="File successfully backed up as C:\Inetpub\wwwroot\pledgers\Backup\Pledgers\images\thumbs\Berg_047.jpg">
</Event><Event ErrorLevel="0" Project="Pledgers" Source="Pledgers\images\thumbs\Berg_048.jpg" Description="File successfully backed up as C:\Inetpub\wwwroot\pledgers\Backup\Pledgers\images\thumbs\Berg_048.jpg">
</Event><Event ErrorLevel="0" Project="Pledgers" Source="Pledgers\pledgersM.Master" Description="File successfully backed up as C:\Inetpub\wwwroot\pledgers\Backup\Pledgers\pledgersM.Master">
</Event><Event ErrorLevel="0" Project="Pledgers" Source="Pledgers\style.css" Description="File successfully backed up as C:\Inetpub\wwwroot\pledgers\Backup\Pledgers\style.css">
</Event><Event ErrorLevel="0" Project="Pledgers" Source="Pledgers\Pledgers.csproj" Description="Project converted successfully">
</Event><Event ErrorLevel="3" Project="Pledgers" Source="Pledgers\Pledgers.csproj" Description="Converted">
</Event><Event ErrorLevel="0" Project="" Source="Pledgers.sln" Description="Solution converted successfully">
</Event><Event ErrorLevel="3" Project="" Source="Pledgers.sln" Description="Converted">
</Event><Event ErrorLevel="0" Project="Pledgers" Source="Pledgers\Pledgers.csproj" Description="Scan complete: Upgrade not required for project files.">
</Event></UpgradeLog>