<publishData>
  <publishTarget publishUrl="C:\PLEDGERS\PUBLISH\">
    <file relUrl="images/Berg_029.jpg" publishTime="09/03/1980 00:03:00" />
    <file relUrl="images/thumbs/Berg_035.jpg" publishTime="19/01/2009 23:48:00" />
    <file relUrl="images/pledgeMap.JPG" publishTime="22/01/2009 09:17:00" />
    <file relUrl="images/Berg_047.jpg" publishTime="09/03/1980 00:03:00" />
    <file relUrl="images/thumbs/Bergerac Jan 2009 027.jpg" publishTime="19/01/2009 23:50:00" />
    <file relUrl="images/flags/spanish.gif" publishTime="02/02/2009 12:51:32" />
    <file relUrl="bin/Thumb2Large.dll" publishTime="08/02/2009 15:18:11" />
    <file relUrl="child_sp.aspx" publishTime="02/02/2009 13:34:00" />
    <file relUrl="images/flags/greek.gif" publishTime="09/01/2009 21:25:00" />
    <file relUrl="images/mail1.gif" publishTime="03/01/2009 21:46:00" />
    <file relUrl="child_de.aspx" publishTime="02/02/2009 13:34:00" />
    <file relUrl="images/bedroom.jpg" publishTime="15/02/2009 11:25:51" />
    <file relUrl="images/bergerac/Bergerac old bridge.JPG" publishTime="19/01/2009 22:58:00" />
    <file relUrl="images/bergerac/Bergerac Jan 2009 027.jpg" publishTime="19/01/2009 22:59:00" />
    <file relUrl="images/flags/uk.gif" publishTime="09/01/2009 21:27:00" />
    <file relUrl="images/email.gif" publishTime="02/02/2009 12:58:57" />
    <file relUrl="images/staircase.jpg" publishTime="21/01/2009 21:36:00" />
    <file relUrl="bin/Pledgers.dll" publishTime="16/02/2009 19:50:39" />
    <file relUrl="child_fr.aspx" publishTime="10/02/2009 20:26:23" />
    <file relUrl="child_en.aspx" publishTime="09/02/2009 20:55:50" />
    <file relUrl="bin/RBGP.WebControls.EmailLink.dll" publishTime="11/02/2009 15:38:34" />
    <file relUrl="bin/Thumb2Large.pdb" publishTime="08/02/2009 15:18:11" />
    <file relUrl="images/Berg_042.jpg" publishTime="09/03/1980 00:03:00" />
    <file relUrl="images/flags/deutsche.gif" publishTime="02/02/2009 12:50:48" />
    <file relUrl="images/thumbs/Berg_029.jpg" publishTime="19/01/2009 23:49:00" />
    <file relUrl="images/Berg_041.jpg" publishTime="09/03/1980 00:03:00" />
    <file relUrl="images/houseFront.jpg" publishTime="16/02/2009 19:14:03" />
    <file relUrl="images/grounds.jpg" publishTime="19/01/2009 22:25:00" />
    <file relUrl="images/flags/italian.gif" publishTime="09/01/2009 21:25:00" />
    <file relUrl="bin/Pledgers.pdb" publishTime="16/02/2009 19:50:39" />
    <file relUrl="style.css" publishTime="02/02/2009 13:35:43" />
    <file relUrl="images/Berg_035.jpg" publishTime="09/03/1980 00:03:00" />
    <file relUrl="images/bergerac/Bergerac Jan 2009 039.jpg" publishTime="09/03/1980 00:03:00" />
    <file relUrl="images/mail2.jpg" publishTime="03/01/2009 21:46:00" />
    <file relUrl="images/flags/french.gif" publishTime="02/02/2009 12:51:07" />
    <file relUrl="images/thumbs/Berg_041.jpg" publishTime="19/01/2009 23:48:00" />
    <file relUrl="images/thumbs/Bergerac Jan 2009 039.jpg" publishTime="19/01/2009 23:48:00" />
    <file relUrl="images/thumbs/Berg_048.jpg" publishTime="19/01/2009 23:47:00" />
    <file relUrl="images/vitr-bb.gif" publishTime="03/01/2009 21:46:00" />
    <file relUrl="images/thumbs/Berg_042.jpg" publishTime="19/01/2009 23:48:00" />
    <file relUrl="images/Fd-loc1.gif" publishTime="07/01/2009 21:09:00" />
    <file relUrl="Web.config" publishTime="16/02/2009 19:27:28" />
    <file relUrl="images/mail3.jpg" publishTime="03/01/2009 21:46:00" />
    <file relUrl="pledgersM.Master" publishTime="16/02/2009 19:50:08" />
    <file relUrl="images/Berg_048.jpg" publishTime="09/03/1980 00:03:00" />
    <file relUrl="child_it.aspx" publishTime="02/02/2009 13:34:01" />
    <file relUrl="images/thumbs/Berg_047.jpg" publishTime="19/01/2009 23:48:00" />
    <file relUrl="child_gr.aspx" publishTime="02/02/2009 13:34:01" />
    <file relUrl="bin/RBGP.WebControls.EmailLink.pdb" publishTime="11/02/2009 15:38:34" />
    <file relUrl="images/driveway.jpg" publishTime="19/01/2009 22:25:00" />
  </publishTarget>
</publishData>