<?xml version="1.0" encoding="UTF-8"?><?xml-stylesheet type='text/xsl' href='_UpgradeReport_Files/UpgradeReport.xslt'?><UpgradeLog>
<Properties><Property Name="Solution" Value="pictureViewer">
</Property><Property Name="Solution File" Value="C:\Inetpub\wwwroot\pictureViewer\pictureViewer.sln">
</Property><Property Name="User Options File" Value="C:\Inetpub\wwwroot\pictureViewer\pictureViewer.suo">
</Property><Property Name="Date" Value="20 April 2009">
</Property><Property Name="Time" Value="13:32">
</Property></Properties><Event ErrorLevel="0" Project="" Source="pictureViewer.sln" Description="File successfully backed up as C:\Inetpub\wwwroot\pictureViewer\Backup\pictureViewer.sln">
</Event><Event ErrorLevel="0" Project="" Source="pictureViewer.suo" Description="File successfully backed up as C:\Inetpub\wwwroot\pictureViewer\Backup\pictureViewer.suo">
</Event><Event ErrorLevel="0" Project="pictureViewer" Source="pictureViewer\pictureViewer.csproj" Description="Project file successfully backed up as C:\Inetpub\wwwroot\pictureViewer\Backup\pictureViewer\pictureViewer.csproj">
</Event><Event ErrorLevel="0" Project="pictureViewer" Source="pictureViewer\pictureViewer.csproj.user" Description="Project user file successfully backed up as C:\Inetpub\wwwroot\pictureViewer\Backup\pictureViewer\pictureViewer.csproj.user">
</Event><Event ErrorLevel="0" Project="pictureViewer" Source="pictureViewer\Default.aspx.cs" Description="File successfully backed up as C:\Inetpub\wwwroot\pictureViewer\Backup\pictureViewer\Default.aspx.cs">
</Event><Event ErrorLevel="0" Project="pictureViewer" Source="pictureViewer\Default.aspx.designer.cs" Description="File successfully backed up as C:\Inetpub\wwwroot\pictureViewer\Backup\pictureViewer\Default.aspx.designer.cs">
</Event><Event ErrorLevel="0" Project="pictureViewer" Source="pictureViewer\Properties\AssemblyInfo.cs" Description="File successfully backed up as C:\Inetpub\wwwroot\pictureViewer\Backup\pictureViewer\Properties\AssemblyInfo.cs">
</Event><Event ErrorLevel="0" Project="pictureViewer" Source="pictureViewer\Default.aspx" Description="File successfully backed up as C:\Inetpub\wwwroot\pictureViewer\Backup\pictureViewer\Default.aspx">
</Event><Event ErrorLevel="0" Project="pictureViewer" Source="pictureViewer\Web.config" Description="File successfully backed up as C:\Inetpub\wwwroot\pictureViewer\Backup\pictureViewer\Web.config">
</Event><Event ErrorLevel="0" Project="pictureViewer" Source="pictureViewer\pictureViewer.csproj" Description="Project converted successfully">
</Event><Event ErrorLevel="3" Project="pictureViewer" Source="pictureViewer\pictureViewer.csproj" Description="Converted">
</Event><Event ErrorLevel="1" Project="ObfuscatedEmailLink" Source="..\ObfuscatedEmailLink\ObfuscatedEmailLink.csproj" Description="Warning: The project file is being backed up to a relative path that differs from the original solution relative path.  The difference in folder hierarchy may create problems in opening or building the backed up solution and project.">
</Event><Event ErrorLevel="0" Project="ObfuscatedEmailLink" Source="..\ObfuscatedEmailLink\ObfuscatedEmailLink.csproj" Description="Project file successfully backed up as C:\Inetpub\wwwroot\pictureViewer\Backup\ObfuscatedEmailLink\ObfuscatedEmailLink.csproj">
</Event><Event ErrorLevel="0" Project="ObfuscatedEmailLink" Source="..\ObfuscatedEmailLink\ObfuscatedEmailLink.csproj.user" Description="Project user file successfully backed up as C:\Inetpub\wwwroot\pictureViewer\Backup\ObfuscatedEmailLink\ObfuscatedEmailLink.csproj.user">
</Event><Event ErrorLevel="0" Project="ObfuscatedEmailLink" Source="..\ObfuscatedEmailLink\EmailLink.cs" Description="File successfully backed up as C:\Inetpub\wwwroot\pictureViewer\Backup\ObfuscatedEmailLink\EmailLink.cs">
</Event><Event ErrorLevel="0" Project="ObfuscatedEmailLink" Source="..\ObfuscatedEmailLink\Properties\AssemblyInfo.cs" Description="File successfully backed up as C:\Inetpub\wwwroot\pictureViewer\Backup\ObfuscatedEmailLink\Properties\AssemblyInfo.cs">
</Event><Event ErrorLevel="0" Project="ObfuscatedEmailLink" Source="..\ObfuscatedEmailLink\ObfuscatedEmailLink.csproj" Description="The project file does not require conversion.">
</Event><Event ErrorLevel="3" Project="ObfuscatedEmailLink" Source="..\ObfuscatedEmailLink\ObfuscatedEmailLink.csproj" Description="No Conversion Required">
</Event><Event ErrorLevel="1" Project="TextShadow" Source="..\TextShadow\TextShadow\TextShadow.csproj" Description="Warning: The project file is being backed up to a relative path that differs from the original solution relative path.  The difference in folder hierarchy may create problems in opening or building the backed up solution and project.">
</Event><Event ErrorLevel="0" Project="TextShadow" Source="..\TextShadow\TextShadow\TextShadow.csproj" Description="Project file successfully backed up as C:\Inetpub\wwwroot\pictureViewer\Backup\TextShadow\TextShadow.csproj">
</Event><Event ErrorLevel="0" Project="TextShadow" Source="..\TextShadow\TextShadow\TextShadowControl.cs" Description="File successfully backed up as C:\Inetpub\wwwroot\pictureViewer\Backup\TextShadow\TextShadowControl.cs">
</Event><Event ErrorLevel="0" Project="TextShadow" Source="..\TextShadow\TextShadow\Properties\AssemblyInfo.cs" Description="File successfully backed up as C:\Inetpub\wwwroot\pictureViewer\Backup\TextShadow\Properties\AssemblyInfo.cs">
</Event><Event ErrorLevel="0" Project="TextShadow" Source="..\TextShadow\TextShadow\TextShadow.csproj" Description="Project converted successfully">
</Event><Event ErrorLevel="3" Project="TextShadow" Source="..\TextShadow\TextShadow\TextShadow.csproj" Description="Converted">
</Event><Event ErrorLevel="1" Project="Gallery" Source="..\ctlGallery\Gallery.csproj" Description="Warning: The project file is being backed up to a relative path that differs from the original solution relative path.  The difference in folder hierarchy may create problems in opening or building the backed up solution and project.">
</Event><Event ErrorLevel="0" Project="Gallery" Source="..\ctlGallery\Gallery.csproj" Description="Project file successfully backed up as C:\Inetpub\wwwroot\pictureViewer\Backup\Gallery\Gallery.csproj">
</Event><Event ErrorLevel="0" Project="Gallery" Source="..\ctlGallery\Gallery.csproj.user" Description="Project user file successfully backed up as C:\Inetpub\wwwroot\pictureViewer\Backup\Gallery\Gallery.csproj.user">
</Event><Event ErrorLevel="0" Project="Gallery" Source="..\ctlGallery\pictureViewer.cs" Description="File successfully backed up as C:\Inetpub\wwwroot\pictureViewer\Backup\Gallery\pictureViewer.cs">
</Event><Event ErrorLevel="0" Project="Gallery" Source="..\ctlGallery\Properties\AssemblyInfo.cs" Description="File successfully backed up as C:\Inetpub\wwwroot\pictureViewer\Backup\Gallery\Properties\AssemblyInfo.cs">
</Event><Event ErrorLevel="0" Project="Gallery" Source="..\ctlGallery\Gallery.csproj" Description="The project file does not require conversion.">
</Event><Event ErrorLevel="3" Project="Gallery" Source="..\ctlGallery\Gallery.csproj" Description="No Conversion Required">
</Event><Event ErrorLevel="0" Project="" Source="pictureViewer.sln" Description="Solution converted successfully">
</Event><Event ErrorLevel="3" Project="" Source="pictureViewer.sln" Description="Converted">
</Event><Event ErrorLevel="0" Project="pictureViewer" Source="pictureViewer\pictureViewer.csproj" Description="Scan complete: Upgrade not required for project files.">
</Event><Event ErrorLevel="0" Project="TextShadow" Source="..\TextShadow\TextShadow\TextShadow.csproj" Description="Scan complete: Upgrade not required for project files.">
</Event></UpgradeLog>