<publishData>
  <publishTarget publishUrl="c:\codeUpPublished\">
    <file relUrl="images/OrchardRetreat B&amp;B.JPG" publishTime="02/15/2009 21:10:45" />
    <file relUrl="contact.css" publishTime="02/03/2009 21:47:54" />
    <file relUrl="images/menu/menu_2.gif" publishTime="10/06/2007 21:41:00" />
    <file relUrl="images/menu/menu_0.gif" publishTime="10/06/2007 21:32:00" />
    <file relUrl="portfolio.css" publishTime="02/15/2009 21:51:27" />
    <file relUrl="bin/RBGP.WebControls.Gallery.pdb" publishTime="06/17/2009 21:35:33" />
    <file relUrl="bin/RBGP.WebControls.Gallery.dll" publishTime="06/17/2009 21:35:33" />
    <file relUrl="bin/RBGP.WebControls.EmailLink.pdb" publishTime="06/17/2009 21:48:22" />
    <file relUrl="images/LesPledgers B&amp;B.JPG" publishTime="02/15/2009 21:11:31" />
    <file relUrl="images/Norris And Son Plumbers.JPG" publishTime="02/15/2009 21:10:01" />
    <file relUrl="images/a8.gif" publishTime="02/03/2009 20:31:39" />
    <file relUrl="bin/RBGP.WebControls.EmailLink.dll" publishTime="06/17/2009 21:48:22" />
    <file relUrl="images/menu/menu_back.gif" publishTime="10/06/2007 21:42:00" />
    <file relUrl="bin/CodeUp.pdb" publishTime="06/30/2009 22:23:00" />
    <file relUrl="contact.aspx" publishTime="02/10/2009 21:47:24" />
    <file relUrl="bin/CodeUp.dll" publishTime="06/30/2009 22:23:00" />
    <file relUrl="portfolio.aspx" publishTime="02/15/2009 21:54:20" />
    <file relUrl="images/codeUpSmall.gif" publishTime="01/13/2009 22:15:00" />
    <file relUrl="bin/Interop.Shell32.dll" publishTime="06/17/2009 21:35:33" />
    <file relUrl="web.config" publishTime="07/02/2009 21:03:25" />
    <file relUrl="images/codeUp.gif" publishTime="01/13/2009 22:08:00" />
    <file relUrl="images/menu/menu_2a.gif" publishTime="10/06/2007 21:34:00" />
    <file relUrl="default.aspx" publishTime="01/24/2009 00:29:00" />
    <file relUrl="master.Master" publishTime="06/17/2009 21:11:25" />
    <file relUrl="images/RK Plastering.JPG" publishTime="02/15/2009 21:09:27" />
    <file relUrl="styles.css" publishTime="02/03/2009 21:41:58" />
  </publishTarget>
</publishData>