<?xml version="1.0" encoding="UTF-8"?><?xml-stylesheet type='text/xsl' href='_UpgradeReport_Files/UpgradeReport.xslt'?><UpgradeLog>
<Properties><Property Name="Solution" Value="gateway">
</Property><Property Name="Solution File" Value="C:\Inetpub\wwwroot\gateway\gateway.sln">
</Property><Property Name="Date" Value="20 December 2007">
</Property><Property Name="Time" Value="15:29">
</Property></Properties><Event ErrorLevel="0" Project="" Source="gateway.sln" Description="Solution converted successfully">
</Event><Event ErrorLevel="3" Project="" Source="gateway.sln" Description="Converted">
</Event><Event ErrorLevel="0" Project="Gateway.csproj" Source="Gateway.csproj" Description="Converted.&#xA;There may be some unresolved conversion issues you will need to manually fix. For more information, please refer to http://go.microsoft.com/fwlink/?LinkId=46995 or search for the help topic &quot;Converting from Visual Studio .NET 2002 or 2003&quot;.">
</Event><Event ErrorLevel="3" Project="Gateway.csproj" Source="Gateway.csproj" Description="Converted">
</Event></UpgradeLog>