<?xml version="1.0" encoding="UTF-8"?><?xml-stylesheet type='text/xsl' href='_UpgradeReport_Files/UpgradeReport.xslt'?><UpgradeLog>
<Properties><Property Name="Solution" Value="plaster">
</Property><Property Name="Solution File" Value="C:\Inetpub\wwwroot\rk_plastering\plaster.sln">
</Property><Property Name="User Options File" Value="C:\Inetpub\wwwroot\rk_plastering\plaster.suo">
</Property><Property Name="Date" Value="20 April 2009">
</Property><Property Name="Time" Value="13:32">
</Property></Properties><Event ErrorLevel="0" Project="" Source="plaster.sln" Description="File successfully backed up as C:\Inetpub\wwwroot\rk_plastering\Backup\plaster.sln">
</Event><Event ErrorLevel="0" Project="" Source="plaster.suo" Description="File successfully backed up as C:\Inetpub\wwwroot\rk_plastering\Backup\plaster.suo">
</Event><Event ErrorLevel="0" Project="plaster" Source="plaster\plaster.csproj" Description="Project file successfully backed up as C:\Inetpub\wwwroot\rk_plastering\Backup\plaster\plaster.csproj">
</Event><Event ErrorLevel="0" Project="plaster" Source="plaster\plaster.csproj.user" Description="Project user file successfully backed up as C:\Inetpub\wwwroot\rk_plastering\Backup\plaster\plaster.csproj.user">
</Event><Event ErrorLevel="0" Project="plaster" Source="plaster\services.aspx.cs" Description="File successfully backed up as C:\Inetpub\wwwroot\rk_plastering\Backup\plaster\services.aspx.cs">
</Event><Event ErrorLevel="0" Project="plaster" Source="plaster\contact.aspx.cs" Description="File successfully backed up as C:\Inetpub\wwwroot\rk_plastering\Backup\plaster\contact.aspx.cs">
</Event><Event ErrorLevel="0" Project="plaster" Source="plaster\contact.aspx.designer.cs" Description="File successfully backed up as C:\Inetpub\wwwroot\rk_plastering\Backup\plaster\contact.aspx.designer.cs">
</Event><Event ErrorLevel="0" Project="plaster" Source="plaster\home.aspx.cs" Description="File successfully backed up as C:\Inetpub\wwwroot\rk_plastering\Backup\plaster\home.aspx.cs">
</Event><Event ErrorLevel="0" Project="plaster" Source="plaster\home.aspx.designer.cs" Description="File successfully backed up as C:\Inetpub\wwwroot\rk_plastering\Backup\plaster\home.aspx.designer.cs">
</Event><Event ErrorLevel="0" Project="plaster" Source="plaster\HTTP_Post.cs" Description="File successfully backed up as C:\Inetpub\wwwroot\rk_plastering\Backup\plaster\HTTP_Post.cs">
</Event><Event ErrorLevel="0" Project="plaster" Source="plaster\Properties\AssemblyInfo.cs" Description="File successfully backed up as C:\Inetpub\wwwroot\rk_plastering\Backup\plaster\Properties\AssemblyInfo.cs">
</Event><Event ErrorLevel="0" Project="plaster" Source="plaster\masterP.Master.cs" Description="File successfully backed up as C:\Inetpub\wwwroot\rk_plastering\Backup\plaster\masterP.Master.cs">
</Event><Event ErrorLevel="0" Project="plaster" Source="plaster\masterP.Master.designer.cs" Description="File successfully backed up as C:\Inetpub\wwwroot\rk_plastering\Backup\plaster\masterP.Master.designer.cs">
</Event><Event ErrorLevel="0" Project="plaster" Source="plaster\testimonials.aspx.cs" Description="File successfully backed up as C:\Inetpub\wwwroot\rk_plastering\Backup\plaster\testimonials.aspx.cs">
</Event><Event ErrorLevel="0" Project="plaster" Source="plaster\testimonials.aspx.designer.cs" Description="File successfully backed up as C:\Inetpub\wwwroot\rk_plastering\Backup\plaster\testimonials.aspx.designer.cs">
</Event><Event ErrorLevel="0" Project="plaster" Source="plaster\home.aspx" Description="File successfully backed up as C:\Inetpub\wwwroot\rk_plastering\Backup\plaster\home.aspx">
</Event><Event ErrorLevel="0" Project="plaster" Source="plaster\style.css" Description="File successfully backed up as C:\Inetpub\wwwroot\rk_plastering\Backup\plaster\style.css">
</Event><Event ErrorLevel="0" Project="plaster" Source="plaster\Web.config" Description="File successfully backed up as C:\Inetpub\wwwroot\rk_plastering\Backup\plaster\Web.config">
</Event><Event ErrorLevel="0" Project="plaster" Source="plaster\services.aspx" Description="File successfully backed up as C:\Inetpub\wwwroot\rk_plastering\Backup\plaster\services.aspx">
</Event><Event ErrorLevel="0" Project="plaster" Source="plaster\contact.aspx" Description="File successfully backed up as C:\Inetpub\wwwroot\rk_plastering\Backup\plaster\contact.aspx">
</Event><Event ErrorLevel="0" Project="plaster" Source="plaster\images\24hours.gif" Description="File successfully backed up as C:\Inetpub\wwwroot\rk_plastering\Backup\plaster\images\24hours.gif">
</Event><Event ErrorLevel="0" Project="plaster" Source="plaster\images\arrow1.gif" Description="File successfully backed up as C:\Inetpub\wwwroot\rk_plastering\Backup\plaster\images\arrow1.gif">
</Event><Event ErrorLevel="0" Project="plaster" Source="plaster\images\arrow2.gif" Description="File successfully backed up as C:\Inetpub\wwwroot\rk_plastering\Backup\plaster\images\arrow2.gif">
</Event><Event ErrorLevel="0" Project="plaster" Source="plaster\images\bullet-hover.gif" Description="File successfully backed up as C:\Inetpub\wwwroot\rk_plastering\Backup\plaster\images\bullet-hover.gif">
</Event><Event ErrorLevel="0" Project="plaster" Source="plaster\images\bullet.gif" Description="File successfully backed up as C:\Inetpub\wwwroot\rk_plastering\Backup\plaster\images\bullet.gif">
</Event><Event ErrorLevel="0" Project="plaster" Source="plaster\images\dotline.gif" Description="File successfully backed up as C:\Inetpub\wwwroot\rk_plastering\Backup\plaster\images\dotline.gif">
</Event><Event ErrorLevel="0" Project="plaster" Source="plaster\images\footerbg.gif" Description="File successfully backed up as C:\Inetpub\wwwroot\rk_plastering\Backup\plaster\images\footerbg.gif">
</Event><Event ErrorLevel="0" Project="plaster" Source="plaster\images\icon1.jpg" Description="File successfully backed up as C:\Inetpub\wwwroot\rk_plastering\Backup\plaster\images\icon1.jpg">
</Event><Event ErrorLevel="0" Project="plaster" Source="plaster\images\image1.jpg" Description="File successfully backed up as C:\Inetpub\wwwroot\rk_plastering\Backup\plaster\images\image1.jpg">
</Event><Event ErrorLevel="0" Project="plaster" Source="plaster\images\logo.png" Description="File successfully backed up as C:\Inetpub\wwwroot\rk_plastering\Backup\plaster\images\logo.png">
</Event><Event ErrorLevel="0" Project="plaster" Source="plaster\images\mainbg.gif" Description="File successfully backed up as C:\Inetpub\wwwroot\rk_plastering\Backup\plaster\images\mainbg.gif">
</Event><Event ErrorLevel="0" Project="plaster" Source="plaster\images\more-bg.gif" Description="File successfully backed up as C:\Inetpub\wwwroot\rk_plastering\Backup\plaster\images\more-bg.gif">
</Event><Event ErrorLevel="0" Project="plaster" Source="plaster\images\topmenu-hover.jpg" Description="File successfully backed up as C:\Inetpub\wwwroot\rk_plastering\Backup\plaster\images\topmenu-hover.jpg">
</Event><Event ErrorLevel="0" Project="plaster" Source="plaster\images\topmenu-normal.jpg" Description="File successfully backed up as C:\Inetpub\wwwroot\rk_plastering\Backup\plaster\images\topmenu-normal.jpg">
</Event><Event ErrorLevel="0" Project="plaster" Source="plaster\large_picture.html" Description="File successfully backed up as C:\Inetpub\wwwroot\rk_plastering\Backup\plaster\large_picture.html">
</Event><Event ErrorLevel="0" Project="plaster" Source="plaster\testimonials.aspx" Description="File successfully backed up as C:\Inetpub\wwwroot\rk_plastering\Backup\plaster\testimonials.aspx">
</Event><Event ErrorLevel="0" Project="plaster" Source="plaster\images\testimonials\large\ceilingAfter.jpg" Description="File successfully backed up as C:\Inetpub\wwwroot\rk_plastering\Backup\plaster\images\testimonials\large\ceilingAfter.jpg">
</Event><Event ErrorLevel="0" Project="plaster" Source="plaster\images\testimonials\large\ceilingBefore.jpg" Description="File successfully backed up as C:\Inetpub\wwwroot\rk_plastering\Backup\plaster\images\testimonials\large\ceilingBefore.jpg">
</Event><Event ErrorLevel="0" Project="plaster" Source="plaster\images\testimonials\large\chimneyBreastAfter.jpg" Description="File successfully backed up as C:\Inetpub\wwwroot\rk_plastering\Backup\plaster\images\testimonials\large\chimneyBreastAfter.jpg">
</Event><Event ErrorLevel="0" Project="plaster" Source="plaster\images\testimonials\large\chimneyBreastBefore.JPG" Description="File successfully backed up as C:\Inetpub\wwwroot\rk_plastering\Backup\plaster\images\testimonials\large\chimneyBreastBefore.JPG">
</Event><Event ErrorLevel="0" Project="plaster" Source="plaster\images\testimonials\thumbnails\ceilingAfter.PNG" Description="File successfully backed up as C:\Inetpub\wwwroot\rk_plastering\Backup\plaster\images\testimonials\thumbnails\ceilingAfter.PNG">
</Event><Event ErrorLevel="0" Project="plaster" Source="plaster\images\testimonials\thumbnails\ceilingBefore.PNG" Description="File successfully backed up as C:\Inetpub\wwwroot\rk_plastering\Backup\plaster\images\testimonials\thumbnails\ceilingBefore.PNG">
</Event><Event ErrorLevel="0" Project="plaster" Source="plaster\images\testimonials\thumbnails\chimneyBreastAfter.PNG" Description="File successfully backed up as C:\Inetpub\wwwroot\rk_plastering\Backup\plaster\images\testimonials\thumbnails\chimneyBreastAfter.PNG">
</Event><Event ErrorLevel="0" Project="plaster" Source="plaster\images\testimonials\thumbnails\chimneyBreastBefore.PNG" Description="File successfully backed up as C:\Inetpub\wwwroot\rk_plastering\Backup\plaster\images\testimonials\thumbnails\chimneyBreastBefore.PNG">
</Event><Event ErrorLevel="0" Project="plaster" Source="plaster\masterP.Master" Description="File successfully backed up as C:\Inetpub\wwwroot\rk_plastering\Backup\plaster\masterP.Master">
</Event><Event ErrorLevel="0" Project="plaster" Source="plaster\plaster.csproj" Description="Project converted successfully">
</Event><Event ErrorLevel="3" Project="plaster" Source="plaster\plaster.csproj" Description="Converted">
</Event><Event ErrorLevel="0" Project="" Source="plaster.sln" Description="Solution converted successfully">
</Event><Event ErrorLevel="3" Project="" Source="plaster.sln" Description="Converted">
</Event><Event ErrorLevel="0" Project="plaster" Source="plaster\plaster.csproj" Description="Scan complete: Upgrade not required for project files.">
</Event></UpgradeLog>