<publishData>
  <publishTarget publishUrl="c:\olly\">
    <file relUrl="Homepage.aspx" publishTime="02/02/2009 14:39:31" />
    <file relUrl="images/bathrooms/bath5.jpeg" publishTime="18/09/2007 16:01:00" />
    <file relUrl="PlumbingServices.aspx" publishTime="02/02/2009 14:32:25" />
    <file relUrl="images/photos/w11.jpg" publishTime="10/01/2008 10:36:00" />
    <file relUrl="images/photos/w3.jpg" publishTime="10/01/2008 10:36:00" />
    <file relUrl="images/photos/w19.jpg" publishTime="10/01/2008 10:36:00" />
    <file relUrl="images/corgi.jpg" publishTime="16/10/2007 22:03:00" />
    <file relUrl="images/NorrisLogo.gif" publishTime="06/11/2007 19:52:00" />
    <file relUrl="images/photos/w12.jpg" publishTime="10/01/2008 10:36:00" />
    <file relUrl="images/bathrooms/bath2.jpeg" publishTime="19/09/2007 09:27:00" />
    <file relUrl="images/photos/w20.jpg" publishTime="10/01/2008 10:36:00" />
    <file relUrl="images/bathrooms/bath3.jpeg" publishTime="18/09/2007 15:54:00" />
    <file relUrl="images/cards/amex.gif" publishTime="22/08/2007 20:27:00" />
    <file relUrl="images/bathrooms/bath1.jpeg" publishTime="18/09/2007 15:45:00" />
    <file relUrl="Contact.aspx" publishTime="02/02/2009 14:39:31" />
    <file relUrl="images/photos/w15.jpg" publishTime="10/01/2008 10:36:00" />
    <file relUrl="images/cards/card_visa.gif" publishTime="22/08/2007 20:27:00" />
    <file relUrl="images/photos/w21.JPG" publishTime="10/01/2008 10:36:00" />
    <file relUrl="images/photos/w7.jpg" publishTime="10/01/2008 10:36:00" />
    <file relUrl="images/photos/w8.jpg" publishTime="10/01/2008 10:36:00" />
    <file relUrl="images/bathrooms/bath4.jpeg" publishTime="18/09/2007 16:01:00" />
    <file relUrl="Web.config" publishTime="15/01/2009 21:19:47" />
    <file relUrl="bin/olsterman.pdb" publishTime="02/02/2009 14:39:39" />
    <file relUrl="images/photos/w14.jpg" publishTime="10/01/2008 10:36:00" />
    <file relUrl="images/photos/w16.jpg" publishTime="10/01/2008 10:36:00" />
    <file relUrl="images/cards/card_solo.gif" publishTime="22/08/2007 20:27:00" />
    <file relUrl="images/photos/w13.jpg" publishTime="10/01/2008 10:36:00" />
    <file relUrl="images/photos/w1.jpg" publishTime="10/01/2008 10:36:00" />
    <file relUrl="bin/PAB.WebControls.EmailLink.pdb" publishTime="02/02/2009 13:36:00" />
    <file relUrl="images/photos/w9.jpg" publishTime="10/01/2008 10:36:00" />
    <file relUrl="images/photos/w10.jpg" publishTime="10/01/2008 10:36:00" />
    <file relUrl="images/bplogo_small.jpg" publishTime="25/10/2007 21:02:00" />
    <file relUrl="images/photos/w4.jpg" publishTime="10/01/2008 10:36:00" />
    <file relUrl="images/cards/card_delta.gif" publishTime="22/08/2007 20:27:00" />
    <file relUrl="images/photos/w18.jpg" publishTime="10/01/2008 10:36:00" />
    <file relUrl="images/cards/card_mastercard.gif" publishTime="22/08/2007 20:27:00" />
    <file relUrl="MasterP.Master" publishTime="02/02/2009 14:37:59" />
    <file relUrl="images/cards/card_switch.gif" publishTime="22/08/2007 20:27:00" />
    <file relUrl="images/photos/w17.jpg" publishTime="10/01/2008 10:36:00" />
    <file relUrl="images/photos/w5.jpg" publishTime="10/01/2008 10:36:00" />
    <file relUrl="bin/PAB.WebControls.EmailLink.dll" publishTime="02/02/2009 13:36:00" />
    <file relUrl="images/photos/w2.jpg" publishTime="10/01/2008 10:36:00" />
    <file relUrl="layout.css" publishTime="06/01/2009 22:57:00" />
    <file relUrl="images/bathrooms/bath6.jpeg" publishTime="03/11/2007 07:16:00" />
    <file relUrl="images/photos/w6.jpg" publishTime="10/01/2008 10:36:00" />
    <file relUrl="bin/olsterman.dll" publishTime="02/02/2009 14:39:39" />
  </publishTarget>
</publishData>