<?xml version="1.0" encoding="UTF-8"?><?xml-stylesheet type='text/xsl' href='_UpgradeReport_Files/UpgradeReport.xslt'?><UpgradeLog>
<Properties><Property Name="Solution" Value="CodeUp">
</Property><Property Name="Solution File" Value="C:\Inetpub\wwwroot\CodeUp\CodeUp.sln">
</Property><Property Name="User Options File" Value="C:\Inetpub\wwwroot\CodeUp\CodeUp.suo">
</Property><Property Name="Date" Value="20 April 2009">
</Property><Property Name="Time" Value="13:27">
</Property></Properties><Event ErrorLevel="0" Project="" Source="CodeUp.sln" Description="File successfully backed up as C:\Inetpub\wwwroot\CodeUp\Backup\CodeUp.sln">
</Event><Event ErrorLevel="0" Project="" Source="CodeUp.suo" Description="File successfully backed up as C:\Inetpub\wwwroot\CodeUp\Backup\CodeUp.suo">
</Event><Event ErrorLevel="0" Project="CodeUp" Source="CodeUp\CodeUp.csproj" Description="Project file successfully backed up as C:\Inetpub\wwwroot\CodeUp\Backup\CodeUp\CodeUp.csproj">
</Event><Event ErrorLevel="0" Project="CodeUp" Source="CodeUp\CodeUp.csproj.user" Description="Project user file successfully backed up as C:\Inetpub\wwwroot\CodeUp\Backup\CodeUp\CodeUp.csproj.user">
</Event><Event ErrorLevel="0" Project="CodeUp" Source="CodeUp\contact.aspx.cs" Description="File successfully backed up as C:\Inetpub\wwwroot\CodeUp\Backup\CodeUp\contact.aspx.cs">
</Event><Event ErrorLevel="0" Project="CodeUp" Source="CodeUp\contact.aspx.designer.cs" Description="File successfully backed up as C:\Inetpub\wwwroot\CodeUp\Backup\CodeUp\contact.aspx.designer.cs">
</Event><Event ErrorLevel="0" Project="CodeUp" Source="CodeUp\default.aspx.cs" Description="File successfully backed up as C:\Inetpub\wwwroot\CodeUp\Backup\CodeUp\default.aspx.cs">
</Event><Event ErrorLevel="0" Project="CodeUp" Source="CodeUp\default.aspx.designer.cs" Description="File successfully backed up as C:\Inetpub\wwwroot\CodeUp\Backup\CodeUp\default.aspx.designer.cs">
</Event><Event ErrorLevel="0" Project="CodeUp" Source="CodeUp\globals.cs" Description="File successfully backed up as C:\Inetpub\wwwroot\CodeUp\Backup\CodeUp\globals.cs">
</Event><Event ErrorLevel="0" Project="CodeUp" Source="CodeUp\master.Master.cs" Description="File successfully backed up as C:\Inetpub\wwwroot\CodeUp\Backup\CodeUp\master.Master.cs">
</Event><Event ErrorLevel="0" Project="CodeUp" Source="CodeUp\master.Master.designer.cs" Description="File successfully backed up as C:\Inetpub\wwwroot\CodeUp\Backup\CodeUp\master.Master.designer.cs">
</Event><Event ErrorLevel="0" Project="CodeUp" Source="CodeUp\Portfolio.aspx.cs" Description="File successfully backed up as C:\Inetpub\wwwroot\CodeUp\Backup\CodeUp\Portfolio.aspx.cs">
</Event><Event ErrorLevel="0" Project="CodeUp" Source="CodeUp\Portfolio.aspx.designer.cs" Description="File successfully backed up as C:\Inetpub\wwwroot\CodeUp\Backup\CodeUp\Portfolio.aspx.designer.cs">
</Event><Event ErrorLevel="0" Project="CodeUp" Source="CodeUp\Properties\AssemblyInfo.cs" Description="File successfully backed up as C:\Inetpub\wwwroot\CodeUp\Backup\CodeUp\Properties\AssemblyInfo.cs">
</Event><Event ErrorLevel="0" Project="CodeUp" Source="CodeUp\styles.css" Description="File successfully backed up as C:\Inetpub\wwwroot\CodeUp\Backup\CodeUp\styles.css">
</Event><Event ErrorLevel="0" Project="CodeUp" Source="CodeUp\contact.aspx" Description="File successfully backed up as C:\Inetpub\wwwroot\CodeUp\Backup\CodeUp\contact.aspx">
</Event><Event ErrorLevel="0" Project="CodeUp" Source="CodeUp\contact.css" Description="File successfully backed up as C:\Inetpub\wwwroot\CodeUp\Backup\CodeUp\contact.css">
</Event><Event ErrorLevel="0" Project="CodeUp" Source="CodeUp\default.aspx" Description="File successfully backed up as C:\Inetpub\wwwroot\CodeUp\Backup\CodeUp\default.aspx">
</Event><Event ErrorLevel="0" Project="CodeUp" Source="CodeUp\images\a8.gif" Description="File successfully backed up as C:\Inetpub\wwwroot\CodeUp\Backup\CodeUp\images\a8.gif">
</Event><Event ErrorLevel="0" Project="CodeUp" Source="CodeUp\images\codeUp.gif" Description="File successfully backed up as C:\Inetpub\wwwroot\CodeUp\Backup\CodeUp\images\codeUp.gif">
</Event><Event ErrorLevel="0" Project="CodeUp" Source="CodeUp\images\codeUpSmall.gif" Description="File successfully backed up as C:\Inetpub\wwwroot\CodeUp\Backup\CodeUp\images\codeUpSmall.gif">
</Event><Event ErrorLevel="0" Project="CodeUp" Source="CodeUp\images\LesPledgers B&amp;B.JPG" Description="File successfully backed up as C:\Inetpub\wwwroot\CodeUp\Backup\CodeUp\images\LesPledgers B&amp;B.JPG">
</Event><Event ErrorLevel="0" Project="CodeUp" Source="CodeUp\images\menu\menu_0.gif" Description="File successfully backed up as C:\Inetpub\wwwroot\CodeUp\Backup\CodeUp\images\menu\menu_0.gif">
</Event><Event ErrorLevel="0" Project="CodeUp" Source="CodeUp\images\menu\menu_2.gif" Description="File successfully backed up as C:\Inetpub\wwwroot\CodeUp\Backup\CodeUp\images\menu\menu_2.gif">
</Event><Event ErrorLevel="0" Project="CodeUp" Source="CodeUp\images\menu\menu_2a.gif" Description="File successfully backed up as C:\Inetpub\wwwroot\CodeUp\Backup\CodeUp\images\menu\menu_2a.gif">
</Event><Event ErrorLevel="0" Project="CodeUp" Source="CodeUp\images\menu\menu_back.gif" Description="File successfully backed up as C:\Inetpub\wwwroot\CodeUp\Backup\CodeUp\images\menu\menu_back.gif">
</Event><Event ErrorLevel="0" Project="CodeUp" Source="CodeUp\images\Norris And Son Plumbers.JPG" Description="File successfully backed up as C:\Inetpub\wwwroot\CodeUp\Backup\CodeUp\images\Norris And Son Plumbers.JPG">
</Event><Event ErrorLevel="0" Project="CodeUp" Source="CodeUp\images\OrchardRetreat B&amp;B.JPG" Description="File successfully backed up as C:\Inetpub\wwwroot\CodeUp\Backup\CodeUp\images\OrchardRetreat B&amp;B.JPG">
</Event><Event ErrorLevel="0" Project="CodeUp" Source="CodeUp\images\RK Plastering.JPG" Description="File successfully backed up as C:\Inetpub\wwwroot\CodeUp\Backup\CodeUp\images\RK Plastering.JPG">
</Event><Event ErrorLevel="0" Project="CodeUp" Source="CodeUp\master.Master" Description="File successfully backed up as C:\Inetpub\wwwroot\CodeUp\Backup\CodeUp\master.Master">
</Event><Event ErrorLevel="0" Project="CodeUp" Source="CodeUp\portfolio.aspx" Description="File successfully backed up as C:\Inetpub\wwwroot\CodeUp\Backup\CodeUp\portfolio.aspx">
</Event><Event ErrorLevel="0" Project="CodeUp" Source="CodeUp\portfolio.css" Description="File successfully backed up as C:\Inetpub\wwwroot\CodeUp\Backup\CodeUp\portfolio.css">
</Event><Event ErrorLevel="0" Project="CodeUp" Source="CodeUp\CodeUp.csproj" Description="Project converted successfully">
</Event><Event ErrorLevel="3" Project="CodeUp" Source="CodeUp\CodeUp.csproj" Description="Converted">
</Event><Event ErrorLevel="1" Project="Gallery" Source="..\ctlGallery\Gallery.csproj" Description="Warning: The project file is being backed up to a relative path that differs from the original solution relative path.  The difference in folder hierarchy may create problems in opening or building the backed up solution and project.">
</Event><Event ErrorLevel="0" Project="Gallery" Source="..\ctlGallery\Gallery.csproj" Description="Project file successfully backed up as C:\Inetpub\wwwroot\CodeUp\Backup\Gallery\Gallery.csproj">
</Event><Event ErrorLevel="0" Project="Gallery" Source="..\ctlGallery\pictureViewer.cs" Description="File successfully backed up as C:\Inetpub\wwwroot\CodeUp\Backup\Gallery\pictureViewer.cs">
</Event><Event ErrorLevel="0" Project="Gallery" Source="..\ctlGallery\Properties\AssemblyInfo.cs" Description="File successfully backed up as C:\Inetpub\wwwroot\CodeUp\Backup\Gallery\Properties\AssemblyInfo.cs">
</Event><Event ErrorLevel="0" Project="Gallery" Source="..\ctlGallery\Gallery.csproj" Description="Project converted successfully">
</Event><Event ErrorLevel="3" Project="Gallery" Source="..\ctlGallery\Gallery.csproj" Description="Converted">
</Event><Event ErrorLevel="0" Project="" Source="CodeUp.sln" Description="Solution converted successfully">
</Event><Event ErrorLevel="3" Project="" Source="CodeUp.sln" Description="Converted">
</Event><Event ErrorLevel="0" Project="CodeUp" Source="CodeUp\CodeUp.csproj" Description="Scan complete: Upgrade not required for project files.">
</Event><Event ErrorLevel="0" Project="Gallery" Source="..\ctlGallery\Gallery.csproj" Description="Scan complete: Upgrade not required for project files.">
</Event></UpgradeLog>