<?xml version="1.0" encoding="UTF-8"?><?xml-stylesheet type='text/xsl' href='_UpgradeReport_Files/UpgradeReport.xslt'?><UpgradeLog>
<Properties><Property Name="Solution" Value="Thumb2Large">
</Property><Property Name="Solution File" Value="C:\Inetpub\wwwroot\LargePic\Thumb2Large\Thumb2Large.sln">
</Property><Property Name="User Options File" Value="C:\Inetpub\wwwroot\LargePic\Thumb2Large\Thumb2Large.suo">
</Property><Property Name="Date" Value="20 April 2009">
</Property><Property Name="Time" Value="13:30">
</Property></Properties><Event ErrorLevel="0" Project="" Source="Thumb2Large.sln" Description="File successfully backed up as C:\Inetpub\wwwroot\LargePic\Thumb2Large\Backup\Thumb2Large.sln">
</Event><Event ErrorLevel="0" Project="" Source="Thumb2Large.suo" Description="File successfully backed up as C:\Inetpub\wwwroot\LargePic\Thumb2Large\Backup\Thumb2Large.suo">
</Event><Event ErrorLevel="0" Project="Thumb2Large" Source="Thumb2Large.csproj" Description="Project file successfully backed up as C:\Inetpub\wwwroot\LargePic\Thumb2Large\Backup\Thumb2Large.csproj">
</Event><Event ErrorLevel="0" Project="Thumb2Large" Source="Thumb2Large.csproj.user" Description="Project user file successfully backed up as C:\Inetpub\wwwroot\LargePic\Thumb2Large\Backup\Thumb2Large.csproj.user">
</Event><Event ErrorLevel="0" Project="Thumb2Large" Source="Thumb2Large.cs" Description="File successfully backed up as C:\Inetpub\wwwroot\LargePic\Thumb2Large\Backup\Thumb2Large.cs">
</Event><Event ErrorLevel="0" Project="Thumb2Large" Source="Properties\AssemblyInfo.cs" Description="File successfully backed up as C:\Inetpub\wwwroot\LargePic\Thumb2Large\Backup\Properties\AssemblyInfo.cs">
</Event><Event ErrorLevel="0" Project="Thumb2Large" Source="Thumb2Large.csproj" Description="The project file does not require conversion.">
</Event><Event ErrorLevel="3" Project="Thumb2Large" Source="Thumb2Large.csproj" Description="No Conversion Required">
</Event><Event ErrorLevel="0" Project="" Source="Thumb2Large.sln" Description="Solution converted successfully">
</Event><Event ErrorLevel="3" Project="" Source="Thumb2Large.sln" Description="Converted">
</Event></UpgradeLog>